country,year,ai_adoption_consumer,ai_adoption_enterprise,internet_penetration,gdp_per_capita,education_index,tech_workforce_pct,cloud_infrastructure,data_availability,ai_policy_score,ai_startups_count,ai_investment_billion_usd,rd_spending_gdp_pct,ai_research_papers,stem_graduates_pct,ai_talent_rank,5g_coverage_pct,data_center_count,gpu_availability_index,ai_regulation_score,government_ai_spending,adoption_gap,ai_readiness_score,ai_index_score,ai_growth_rate,ai_global_rank
USA,2015,76.34,84.36,94.03,,0.95,8.59,,92.36,80.28,6405,192.57,1.4,88006,30.73,6.0,100.0,263.0,84.16,80.28,150.38,8.02,85.16,84.6,0.0,4.0
USA,2016,82.53,92.32,88.87,75183.82,0.95,18.37,,85.02,85.61,5325,168.59,1.9,88827,29.13,22.0,,641.0,missing,85.61,144.04,9.79,85.09,88.16,0.0420803782505909,2.0
USA,2017,78.81,89.61,91.0,73139.66,0.95,16.44,,87.4,86.33,4317,231.99,,43602,10.19,98.0,,,,86.33,47.78,10.8,84.07,86.74,-0.0161070780399273,3.0
USA,2018,85.0,92.17,98.0,70644.32,0.95,10.5,86.44,94.13,87.75,4563,,3.92,94627,36.98,,100.0,423.0,83.57,87.75,51.75,7.18,82.82,89.7,0.0341249711782338,3.0
USA,2019,84.46,95.81,92.76,71091.33,0.95,3.39,85.68,89.34,89.52,5495,,4.68,129366,32.17,104.0,missing,273.0,96.57,89.52,102.35,11.35,83.05,90.06,0.0040133779264213,
USA,2020,90.59,97.18,88.32,76638.64,0.95,,,95.46,91.1,6193,82.51,1.04,63150,43.0,39.0,100.0,596.0,88.64,91.1,153.06,6.6,85.82,92.97,0.0323117921385742,2.0
USA,2021,89.5,96.49,89.21,,0.95,7.02,,92.33,85.73,8880,85.92,1.15,84519,44.5,29.0,100.0,632.0,,,124.5,6.99,86.55,91.09,-0.0202215768527481,3.0
USA,2022,91.83,97.46,89.0,80000.0,0.95,12.64,,88.0,80.98,7617,42.33,2.8,47512,32.58,21.0,100.0,398.0,97.24,80.98,55.22,5.63,87.5,92.2,0.0121857503567899,3.0
USA,2023,91.39,100.0,90.05,76401.36,0.95,18.15,,91.13,81.81,8837,162.84,2.03,64782,35.41,107.0,,644.0,,81.81,48.96,8.61,85.7,92.7,0.0054229934924077,3.0
USA,2024,91.06,96.77,98.0,79316.53,0.95,14.45,,,80.6,7477,82.93,3.7,49025,21.39,89.0,100.0,687.0,missing,80.6,105.74,5.71,87.16,91.07,-0.0175836030204963,4.0
USA,2025,88.05,99.86,98.0,71335.73,,11.05,87.12,96.57,87.65,7066,135.36,1.38,117309,19.83,3.0,100.0,267.0,,87.65,150.97,11.81,83.17,92.72,0.0181179312616668,4.0
USA,2026,100.0,100.0,98.0,77564.42,0.95,7.7,91.72,87.6,83.96,4836,147.93,4.71,113591,29.95,12.0,missing,775.0,85.29,83.96,99.88,0.0,86.28,95.16,0.0263157894736842,3.0
China,2015,90.27,97.32,98.0,80000.0,0.95,11.2,,100.0,100.0,7503,220.03,3.42,129026,37.85,,100.0,441.0,94.57,100.0,120.55,7.06,87.5,96.15,0.0,1.0
China,2016,85.48,94.62,98.0,80000.0,0.95,4.29,,93.72,100.0,7630,213.79,1.47,116478,12.99,,100.0,557.0,missing,100.0,140.1,9.14,87.5,92.67,-0.0361934477379095,1.0
China,2017,93.46,100.0,98.0,78034.88,0.95,17.05,97.55,94.34,88.54,8703,134.21,1.28,42456,18.76,66.0,100.0,641.0,,88.54,170.35,,86.52,95.54,0.0309701089888854,1.0
China,2018,96.55,100.0,98.0,80000.0,0.95,,96.72,100.0,88.38,4659,232.63,3.67,92878,,59.0,100.0,298.0,,88.38,96.78,,87.5,96.73,0.0124555160142347,1.0
China,2019,96.12,100.0,98.0,80000.0,0.95,3.27,missing,100.0,98.04,8372,,3.14,166836,30.14,,100.0,499.0,,98.04,168.58,3.88,87.5,97.81,0.0111650987284193,1.0
China,2020,94.81,100.0,98.0,80000.0,0.95,4.13,,93.51,100.0,8707,,4.45,134279,38.12,34.0,100.0,705.0,105.26,100.0,175.07,,87.5,97.3,-0.005214190778039,1.0
China,2021,96.69,100.0,98.0,80000.0,0.95,3.86,11022.0,99.6,99.42,9977,155.44,4.22,68420,41.34,47.0,98.49,814.0,94.53,99.42,86.31,3.31,87.5,98.32,0.0104830421377184,1.0
China,2022,100.0,100.0,98.0,80000.0,0.95,16.25,96.09,98.09,98.25,9280,64.18,2.72,26766,29.23,53.0,,423.0,,98.25,62.99,0.0,87.5,98.3,-0.0002034174125304,
China,2023,100.0,100.0,98.0,80000.0,0.95,3.53,93.89,100.0,98.75,10496,126.57,,146614,,118.0,100.0,441.0,94.41,98.75,146.85,0.0,87.5,98.21,-0.0009155645981688,1.0
China,2024,100.0,100.0,98.0,80000.0,,4.12,93.27,100.0,89.01,8414,208.51,3.13,170318,23.12,34.0,100.0,334.0,107.61,89.01,45.69,0.0,87.5,97.14,-0.010895020873638,1.0
China,2025,,100.0,98.0,80000.0,0.95,10.18,100.0,100.0,,8280,172.86,4.56,24843,19.83,114.0,100.0,497.0,missing,97.6,9398.8488,0.0,87.5,99.01,0.0192505661931232,1.0
China,2026,,100.0,98.0,77541.12,0.95,7.57,,100.0,98.63,9430,195.0,1.23,162186,38.79,114.0,,608.0,99.43,98.63,167.43,0.0,86.27,99.11,0.0010099989900009,1.0
Germany,2015,77.43,,98.0,77622.9,0.95,17.16,,91.9,83.7,8476,130.38,2.37,53980,11.97,103.0,100.0,,97.94,83.7,103.97,11.91,86.31,86.18,0.0,3.0
Germany,2016,76.95,88.62,98.0,76425.84,0.95,8.45,89.05,86.42,88.07,4519,169.94,2.84,124019,28.21,102.0,,505.0,96.14,88.07,86.2,11.68,85.71,86.45,,3.0
Germany,2017,82.15,,95.84,80000.0,0.95,9.87,,88.25,,8835,106.9,,125610,,75.0,,748.0,85.2,86.84,147.39,5.95,87.5,86.79,0.0039329091960671,2.0
Germany,2018,79.88,88.32,89.51,76584.03,0.95,4.32,86.28,92.49,81.59,4598,68.61,,105566,,42.0,,451.0,93.0,81.59,59.15,8.45,85.79,86.65,-0.0016130890655605,5.0
Germany,2019,82.03,87.87,98.0,73913.46,0.95,14.43,missing,86.09,83.46,4114,194.86,,27075,40.58,110.0,missing,,95.08,83.46,126.53,5.84,84.46,86.82,,
Germany,2020,81.92,91.25,88.72,75254.56,0.95,6.54,86.68,89.93,89.2,7793,,2.8,90298,13.75,54.0,100.0,307.0,87.03,89.2,83.13,9.33,85.13,88.46,0.0188896567611149,5.0
Germany,2021,82.86,88.7,98.0,72684.65,0.95,10.97,,91.89,88.18,4374,,3.14,120245,25.11,16.0,,382.0,92.68,88.18,105.77,5.84,83.84,88.93,,5.0
Germany,2022,88.98,94.7,91.72,78129.41,0.95,7.13,84.52,86.68,80.4,4846,213.84,0.86,89231,24.36,117.0,91.35,404.0,,80.4,140.25,,86.56,89.56,0.0070842235466095,
Germany,2023,,100.0,98.0,,0.95,5.37,88.56,91.57,82.19,5666,121.95,2.78,49628,14.02,73.0,missing,,85.31,82.19,95.28,5.27,84.69,93.59,0.0449977668602055,2.0
Germany,2024,93.37,,93.08,77248.2,0.95,14.27,,87.83,90.14,8049,155.13,2.62,73413,22.21,111.0,100.0,758.0,84.86,,124.5,5.44,86.12,94.02,0.004594507960252,3.0
Germany,2025,,100.0,91.28,80000.0,0.95,16.66,,86.02,,7531,140.98,2.11,138742,23.74,98.0,100.0,391.0,89.93,80.45,74.25,0.0,87.5,94.54,0.0055307381408211,
Germany,2026,100.0,100.0,,70089.7,0.95,18.92,88.43,96.59,87.35,7326,104.29,1.13,Unknown,31.7,64.0,100.0,648.0,85.27,87.35,75.46,0.0,82.54,95.91,0.0144912206473448,2.0
UK,2015,67.77,78.91,95.66,69085.17,0.95,4.29,,86.05,70.39,5347,171.35,1.17,42105,35.28,86.0,97.96,519.0,,70.39,60.32,11.14,82.04,78.14,0.0,9.0
UK,2016,73.24,84.87,,59833.74,,2.33,75.26,82.52,76.32,7632,194.52,3.04,99927,42.29,85.0,,454.0,82.83,76.32,78.09,11.63,77.42,80.95,0.0359610954696698,8.0
UK,2017,72.69,83.56,89.1,63779.31,0.95,12.64,74.97,,81.78,5355,43.77,2.01,113065,10.16,40.0,90.67,,missing,81.78,70.07,10.87,79.39,81.49,0.0066707844348361,9.0
UK,2018,76.63,84.79,87.11,67048.41,0.93,18.47,75.14,76.37,76.2,5179,134.12,3.35,15365,33.22,22.0,100.0,219.0,,76.2,43.16,8.17,80.13,80.87,-0.0076082954963797,8.0
UK,2019,,89.08,82.54,80000.0,0.9,2.66,,87.2,71.8,5707,131.41,0.8,109685,25.87,63.0,91.95,357.0,,71.8,50.37,10.25,85.03,82.76,0.0233708420922467,8.0
UK,2020,73.54,81.4,91.91,61689.78,0.95,2.49,,76.07,79.47,4504,,3.52,16183,13.64,96.0,,496.0,77.3,79.47,44.62,7.86,78.34,79.63,-0.0378202029966168,13.0
UK,2021,77.8,85.58,96.65,72282.14,0.95,2.23,80.41,76.8,73.12,3847,,0.62,Unknown,30.41,51.0,100.0,586.0,,73.12,61.11,7.78,83.64,82.15,0.0316463644355142,12.0
UK,2022,80.93,88.79,97.7,60944.19,0.95,15.74,,80.27,73.14,4110,183.58,2.69,124409,,51.0,79.4,285.0,,73.14,99.67,7.87,77.97,83.91,,9.0
UK,2023,79.45,88.13,97.01,69581.66,0.95,4.12,75.44,77.81,69.0,6209,81.45,2.99,94332,39.04,25.0,,212.0,87.23,69.0,124.45,8.68,,82.15,,12.0
UK,2024,,99.22,,77054.71,0.92,4.99,77.92,79.47,,6986,48.59,3.21,44097,23.63,35.0,,532.0,78.18,76.51,92.75,11.4,84.64,87.88,0.0697504564820448,9.0
UK,2025,86.24,,79.76,71193.93,0.95,10.93,74.04,77.66,77.65,6307,91.79,,26932,12.63,87.0,,515.0,missing,77.65,59.77,6.5,83.1,85.63,,13.0
UK,2026,95.19,100.0,81.46,71889.38,0.94,19.1,,75.1,82.49,5582,66.17,2.94,121736,35.63,96.0,,518.0,86.47,82.49,60.1,4.81,83.03,90.28,0.0543033983417027,7.0
Japan,2015,72.61,82.49,98.0,76433.8,0.93,10.54,,91.21,86.91,7982,188.91,1.94,122405,11.3,71.0,89.24,214.0,78.5,,111.73,9.88,84.73,82.59,0.0,6.0
Japan,2016,74.12,82.9,98.0,71036.24,0.95,,85.25,82.12,81.73,4796,,4.42,17237,40.61,63.0,missing,606.0,,81.73,74.23,8.78,83.02,82.68,0.0010897203051216,7.0
Japan,2017,71.67,82.79,90.77,69792.09,0.95,15.28,,88.87,78.61,4826,,2.1,51870,20.37,,83.6,155.0,,78.61,82.59,11.12,82.4,82.69,0.0001209482341557,7.0
Japan,2018,78.44,,98.0,66988.48,0.95,10.41,78.24,83.61,85.53,6723,66.38,4.96,44635,43.0,78.0,6645.999999999999,441.0,80.8,85.53,55.33,10.5,80.99,84.74,,
Japan,2019,76.42,81.82,98.0,75118.26,0.95,5.13,87.03,90.6,86.26,5623,173.3,3.63,34507,38.55,27.0,89.06,455.0,86.24,86.26,99.12,5.4,85.06,84.55,-0.0022421524663677,7.0
Japan,2020,79.2,90.42,95.45,70528.7,0.95,11.92,,90.27,84.48,4057,110.04,2.18,48291,35.32,60.0,,272.0,87.59,84.48,44.43,11.22,82.73,87.15,0.0307510348905972,6.0
Japan,2021,,95.03,87.68,54937.33,0.95,17.82,,87.51,80.83,7655,155.25,4.33,127402,34.79,100.0,100.0,538.0,,80.83,117.85,,74.97,88.03,0.0100975329890991,6.0
Japan,2022,79.34,85.46,82.47,70489.76,0.95,7.17,,89.82,79.95,6741,213.62,3.34,48298,32.19,65.0,100.0,,88.76,79.95,94.9,6.13,82.74,85.26,-0.0314665454958535,7.0
Japan,2023,89.01,94.73,88.36,78386.28,,14.75,,,73.36,3958,141.46,2.06,Unknown,11.6,104.0,,705.0,88.59,,50.29,5.72,86.69,89.3,0.047384471029791,6.0
Japan,2024,87.51,97.29,90.87,71686.18,0.95,10.12,,81.45,87.3,4445,179.91,3.62,43215,12.88,81.0,,302.0,missing,,52.56,9.78,83.34,89.59,,8.0
Japan,2025,90.09,97.88,98.0,71768.42,0.95,6.14,80.08,92.1,78.48,4696,41.8,3.43,62455,40.25,,100.0,252.0,90.37,78.48,120.44,7.78,,90.31,0.0080366112289318,7.0
Japan,2026,97.28,100.0,98.0,74641.02,0.95,10.67,,91.15,81.59,4211,58.81,3.59,70500,17.02,59.0,84.27,481.0,81.38,81.59,122.72,2.72,84.82,92.49,0.0241390765142286,4.0
South Korea,2015,64.81,71.85,80.45,67393.9,0.95,10.65,,87.56,81.35,3994,76.98,4.94,31797,,74.0,,451.0,74.8,81.35,68.94,7.04,81.2,77.55,0.0,10.0
South Korea,2016,70.07,75.62,93.44,68419.54,0.9,16.41,78.62,76.65,78.17,4458,63.99,0.97,93726,34.73,4.0,,168.0,,78.17,108.91,5.55,79.37,77.24,-0.0039974210186976,
South Korea,2017,75.54,86.24,96.0,74131.4,0.95,10.14,75.46,88.08,77.87,6620,126.49,3.79,24165,12.11,30.0,missing,,77.94,77.87,136.79,10.7,84.57,82.61,0.0695235629207664,8.0
South Korea,2018,73.02,81.51,,72269.61,0.95,19.55,80.21,85.44,73.08,6653,69.58,,Unknown,11.07,31.0,93.53,623.0,,73.08,112.43,8.49,83.63,80.77,-0.0222733325263285,9.0
South Korea,2019,73.28,78.56,94.16,63526.6,0.95,,missing,83.34,76.23,7741,191.67,2.4,48639,30.73,109.0,85.98,,,76.23,111.43,5.28,79.26,80.67,-0.0012380834468243,10.0
South Korea,2020,76.16,82.83,89.5,72125.58,0.93,6.45,84.37,77.37,82.47,7728,112.37,2.82,58971,30.75,20.0,91.39,679.0,,82.47,103.45,6.66,82.69,82.37,0.0210735093591174,10.0
South Korea,2021,79.28,87.45,90.05,67316.92,0.95,8.07,,,72.2,7524,109.86,1.62,91308,34.74,20.0,,159.0,,72.2,104.18,8.18,81.16,82.28,-0.0010926308121889,11.0
South Korea,2022,82.5,93.58,80.8,71565.11,0.95,11.56,,76.33,73.7,8049,41.68,1.05,70627,42.69,38.0,,162.0,76.88,73.7,137.91,11.08,83.28,84.78,0.0303840544482256,8.0
South Korea,2023,89.93,98.54,80.25,74237.07,0.95,7.54,79.54,84.66,71.75,6918,,3.53,135538,13.29,81.0,92.97,623.0,,71.75,107.2,8.61,84.62,88.94,0.0490681764567113,
South Korea,2024,90.7,,98.0,70407.52,0.95,14.41,,83.21,,6781,,3.46,63313,32.79,13.0,,696.0,,70.11,136.93,9.3,82.7,89.76,0.0092196986732628,7.0
South Korea,2025,86.6,96.77,93.01,71262.22,0.95,16.54,,80.72,74.56,7199,173.76,,116470,14.21,65.0,,,,74.56,76.22,10.17,83.13,88.14,-0.018048128342246,11.0
South Korea,2026,87.82,95.44,93.02,64698.47,,13.15,,75.75,78.71,5742,100.96,4.39,Unknown,26.77,4.0,89.89,351.0,80.64,78.71,95.45,7.61,79.55,86.96,,12.0
Canada,2015,74.15,85.84,95.95,76403.9,0.95,18.16,78.19,80.94,73.12,4894,205.7,,137392,22.31,13.0,,295.0,82.28,,70.15,11.69,85.7,81.38,0.0,7.0
Canada,2016,76.0,86.02,86.63,63443.52,,14.26,80.73,84.21,74.83,4577,132.35,3.69,28645,29.86,31.0,100.0,428.0,,74.83,96.76,10.01,79.22,82.77,0.017080363725731,6.0
Canada,2017,75.41,86.15,,75363.84,0.95,9.4,86.85,81.43,76.18,7942,200.77,,45727,37.32,33.0,,393.0,88.02,76.18,46.96,10.73,85.18,83.43,0.0079739035882566,6.0
Canada,2018,76.34,86.49,83.48,80000.0,0.95,13.56,,81.26,74.44,6752,,1.54,65968,30.81,60.0,,225.0,88.43,74.44,80.78,10.16,87.5,83.52,0.0010787486515639,7.0
Canada,2019,81.78,87.68,88.49,77885.96,0.95,,,88.87,81.68,4087,,1.36,57094,17.93,43.0,85.09,449.0,79.02,81.68,124.15,5.9,86.44,85.53,0.0240660919540229,6.0
Canada,2020,79.97,88.7,98.0,78159.35,0.95,13.91,,83.0,83.05,6500,169.85,2.59,22503,29.68,114.0,,548.0,,83.05,95.18,8.73,86.58,85.21,-0.0037413772945166,7.0
Canada,2021,79.26,88.91,90.99,80000.0,0.95,4.74,85.96,91.91,76.52,8722,205.69,2.93,125250,28.23,75.0,,587.0,79.92,76.52,126.96,9.65,87.5,86.03,0.0096232836521534,7.0
Canada,2022,,92.05,90.94,67651.07,0.95,10.05,87.37,86.31,77.59,6719,130.62,4.64,79905,44.73,102.0,89.26,689.0,,77.59,126.02,5.61,81.33,88.37,0.0271998140183657,6.0
Canada,2023,86.77,92.34,89.93,75846.24,0.95,19.56,,,83.43,6925,186.61,1.1,127875,42.3,,,592.0,,83.43,91.54,5.57,85.42,87.74,-0.0071291162159105,8.0
Canada,2024,85.4,90.58,98.0,71145.47,,9.78,79.36,92.45,81.25,5243,128.88,2.48,Unknown,32.43,26.0,,525.0,80.28,81.25,43.22,5.18,82.76,87.42,-0.0036471392751309,10.0
Canada,2025,94.59,99.99,85.85,,0.95,,84.95,92.76,76.59,5200,54.94,3.61,22786,27.83,119.0,100.0,505.0,82.6,76.59,104.82,5.4,82.28,92.57,0.0589110043468312,5.0
Canada,2026,92.28,100.0,,67784.17,0.95,15.21,79.95,83.52,79.22,7581,38.52,2.37,77852,10.67,31.0,100.0,226.0,86.03,79.22,60.07,7.72,81.39,90.59,-0.0213892189694284,6.0
France,2015,66.34,,84.95,65105.26,0.87,,74.73,82.85,66.65,4740,152.75,2.64,57138,23.81,55.0,25007.3217,595.0,84.51,66.65,109.53,8.84,76.24,74.64,0.0,13.0
France,2016,70.31,81.19,87.93,62153.73,0.9,13.87,70.57,83.71,72.1,7343,,3.26,20856,28.14,,,397.0,,72.1,36.67,,76.21,77.58,0.0393890675241157,10.0
France,2017,,72.89,81.11,63355.2,0.87,8.29,,81.24,70.48,6793,,1.33,33464,13.44,79.0,,268.0,,70.48,40.63,5.08,74.98,75.3,-0.0293890177880897,12.0
France,2018,71.02,78.7,90.67,70162.05,0.95,13.59,72.24,72.0,74.41,5678,39.43,4.86,106747,20.25,117.0,93.24,434.0,,74.41,111.96,,82.58,77.16,0.0247011952191233,12.0
France,2019,71.44,78.01,87.44,63357.05,0.95,18.98,,76.66,71.77,4357,52.39,1.39,117096,32.6,35.0,99.66,579.0,82.88,,122.44,6.57,79.18,77.54,0.0049248315189218,13.0
France,2020,75.29,85.39,86.08,63938.36,0.95,19.72,,80.02,67.84,7536,39.63,1.24,28491,35.41,98.0,,394.0,20880.465900000003,67.84,104.24,,79.47,80.9,0.0433324735620324,11.0
France,2021,81.27,90.22,,66385.58,0.91,4.88,77.07,83.28,74.73,5365,34.11,1.61,98270,44.71,12.0,,547.0,,74.73,86.86,8.96,78.76,83.9,0.0370828182941902,8.0
France,2022,80.77,91.25,75.89,59202.4,0.92,15.42,75.72,70.26,76.6,4182,188.71,2.16,51394,15.21,37.0,100.0,649.0,75.71,76.6,76.45,10.49,75.75,82.89,-0.0120381406436234,11.0
France,2023,83.71,91.6,,66305.24,0.93,16.3,missing,70.23,74.48,3683,128.44,2.66,88398,,70.0,92.03,422.0,79.23,74.48,98.73,7.89,79.66,83.82,0.0112196887441187,10.0
France,2024,83.95,,89.34,69073.62,0.95,16.2,,,76.96,5619,104.32,1.16,51542,25.19,11.0,81.8,442.0,,76.96,130.2,5.54,82.04,83.44,-0.0045335242185635,13.0
France,2025,92.89,100.0,82.86,60060.88,0.95,12.29,,76.33,77.78,5940,62.65,2.13,52283,10.92,3.0,100.0,272.0,,77.78,61.8,7.11,77.53,88.59,0.0617209971236818,9.0
France,2026,88.51,99.41,84.84,62851.63,0.95,4.4,72.04,82.22,72.05,3626,151.21,2.73,64290,35.53,92.0,79.95,448.0,,72.05,106.05,10.89,78.93,87.46,-0.0127553899988712,
Sweden,2015,73.07,84.41,93.85,69972.45,0.95,15.98,82.35,,86.25,4085,128.67,0.65,23412,41.73,17.0,missing,395.0,24972.7654,86.25,138.46,11.34,82.49,82.99,0.0,5.0
Sweden,2016,,87.62,98.0,76089.71,0.95,19.66,80.38,86.14,78.76,5086,,1.39,91142,26.24,116.0,100.0,359.0,81.57,78.76,54.41,11.56,85.54,83.72,0.0087962405109049,5.0
Sweden,2017,76.63,,86.21,78019.14,0.95,14.74,81.0,92.76,85.7,6590,,2.56,80277,15.8,113.0,100.0,550.0,86.79,85.7,83.66,8.66,86.51,84.73,0.0120640229335882,
Sweden,2018,80.93,91.58,88.88,71300.53,0.95,6.66,84.45,80.63,86.65,4605,99.22,,84951,,,100.0,,missing,86.65,88.09,10.64,83.15,86.77,0.0240764782249498,4.0
Sweden,2019,83.29,92.06,,74549.11,0.95,,84.83,81.44,84.71,7806,217.92,,Unknown,20.05,95.0,100.0,529.0,,84.71,81.89,8.77,,87.43,0.0076063155468482,3.0
Sweden,2020,86.95,97.51,90.39,68758.75,0.95,19.7,missing,,88.45,4480,75.23,1.33,135425,32.9,19.0,98.06,518.0,81.11,88.45,136.51,10.55,81.88,90.93,0.0400320256204964,
Sweden,2021,88.1,99.99,98.0,77460.8,0.95,9.69,,,77.34,4592,39.79,3.02,86031,35.18,106.0,87.24,587.0,missing,77.34,133.78,11.89,86.23,90.92,-0.0001099747058177,4.0
Sweden,2022,91.16,99.45,94.74,80000.0,0.95,16.91,22879.7053,86.74,80.22,5499,69.94,3.7,126261,13.52,29.0,,358.0,86.61,80.22,121.51,8.3,87.5,91.81,0.009788825340959,4.0
Sweden,2023,93.16,100.0,98.0,67262.08,0.95,7.85,,89.37,76.75,7338,50.46,1.29,Unknown,17.95,100.0,93.23,534.0,90.27,76.75,94.99,6.84,81.13,92.6,0.0086047271539047,4.0
Sweden,2024,85.34,96.44,90.06,79997.74,0.95,18.33,87.51,91.68,84.83,7257,142.31,1.0,75206,26.11,103.0,100.0,377.0,94.51,84.83,49.86,11.1,87.5,90.47,,5.0
Sweden,2025,92.04,99.08,85.21,73745.02,0.95,,,,86.93,7550,94.46,4.23,52902,40.55,14.0,missing,473.0,81.3,86.93,64.59,7.05,84.37,93.18,0.0299546811097601,3.0
Sweden,2026,85.47,92.55,98.0,65428.33,0.95,17.34,82.85,91.0,75.58,7241,148.44,4.52,39941,12.76,29.0,,170.0,88.6,75.58,149.2,7.08,80.21,87.84,-0.0573084352865421,10.0
Switzerland,2015,78.31,,98.0,73198.68,0.95,11.31,89.53,95.27,91.02,6236,100.59,2.46,123990,31.07,107.0,100.0,,,91.02,108.0,11.37,84.1,88.31,0.0,2.0
Switzerland,2016,76.69,84.38,98.0,78212.61,0.95,15.38,,92.62,92.09,6650,162.31,,51208,22.66,57.0,missing,242.0,,,152.35,7.69,86.61,86.14,-0.0245725285924583,4.0
Switzerland,2017,80.66,87.63,87.99,70803.85,0.95,5.94,84.91,90.58,,4091,59.94,2.02,128012,30.02,62.0,,735.0,,77.92,49.09,6.96,82.9,85.91,-0.0026700719758533,4.0
Switzerland,2018,82.02,93.14,90.47,76240.17,0.95,6.95,87.77,93.37,92.73,6041,121.0,2.35,142726,34.99,73.0,,668.0,,92.73,134.8,11.12,85.62,89.82,0.0455127458968687,2.0
Switzerland,2019,82.14,87.56,95.51,75420.14,0.95,,88.87,93.13,79.55,5902,,2.39,120809,12.49,10.0,,742.0,92.86,79.55,118.15,5.42,85.21,87.27,-0.0283901135604541,4.0
Switzerland,2020,85.59,96.98,90.25,77342.5,0.95,18.24,88.96,95.94,88.7,4253,,1.14,17207,24.77,36.0,,515.0,,88.7,53.28,11.39,86.17,91.7,0.0507620029792599,3.0
Switzerland,2021,87.13,98.05,93.34,80000.0,0.95,7.51,,89.28,87.93,8190,125.79,4.09,130791,40.01,110.0,100.0,,,,82.25,10.92,87.5,91.73,0.0003271537622682,
Switzerland,2022,93.4,99.57,94.75,80000.0,0.95,4.78,87.14,84.97,91.19,4030,164.59,3.37,Unknown,12.51,49.0,,577.0,missing,91.19,81.49,6.17,,93.18,0.0158072604382426,2.0
Switzerland,2023,89.01,94.99,,77703.41,0.95,8.92,87.69,83.25,85.42,4104,44.94,,37987,10.82,90.0,100.0,335.0,,85.42,52.48,5.98,86.35,90.27,-0.0312298776561494,5.0
Switzerland,2024,99.07,100.0,95.63,80000.0,0.95,8.94,92.68,87.16,92.25,5746,144.27,,93144,28.96,91.0,100.0,429.0,87.37,92.25,69.2,0.93,87.5,95.86,0.0619253351057937,2.0
Switzerland,2025,89.81,100.0,90.62,76994.72,0.95,9.99,,88.04,86.54,7303,134.05,2.31,154809,40.81,75.0,,542.0,,86.54,85.05,10.19,86.0,92.42,-0.0358856665971207,6.0
Switzerland,2026,86.48,98.23,98.0,80000.0,0.95,4.35,91.93,,85.84,8198,63.21,4.07,54203,40.7,113.0,,443.0,97.55,85.84,95.36,11.75,87.5,92.17,-0.0027050421986583,5.0
India,2015,65.59,75.92,,60030.67,,17.58,76.14,79.94,74.66,7981,102.18,4.22,106029,30.07,,83.29,193.0,85.08,74.66,77.95,10.33,75.68,75.96,0.0,12.0
India,2016,71.55,80.93,91.03,66594.68,0.95,15.01,81.53,72.56,74.42,6624,,1.85,56890,38.16,34.0,83.59,649.0,,74.42,134.32,9.39,,79.3,0.0439705107951553,9.0
India,2017,73.01,83.18,92.34,64592.88,,15.84,80.61,,69.41,6464,,4.31,87754,13.1,59.0,79.6,353.0,,69.41,40.3,10.17,76.08,79.55,0.0031525851197982,11.0
India,2018,71.57,77.08,78.81,,0.95,11.01,,80.11,71.76,7104,152.55,0.73,22281,24.1,36.0,,285.0,84.32,71.76,127.4,,81.4,78.87,-0.0085480829666875,11.0
India,2019,74.97,81.55,84.43,65878.99,0.95,,,86.96,76.32,3942,183.09,,67864,,75.0,,501.0,,76.32,105.68,6.58,80.44,81.51,0.0334728033472804,9.0
India,2020,81.18,87.18,82.96,68453.86,0.95,4.41,80.02,76.34,74.72,6328,42.77,3.87,51910,10.0,,,283.0,,74.72,39.96,6.0,81.73,83.45,0.0238007606428658,9.0
India,2021,83.08,90.6,93.05,62978.7,0.89,18.05,74.97,84.91,71.97,5406,186.67,2.2,130192,13.13,82.0,92.09,343.0,81.76,71.97,104.66,7.52,76.14,83.75,0.0035949670461352,9.0
India,2022,72.68,84.45,83.23,69882.17,0.95,3.9,,86.53,77.81,7045,141.97,0.72,57051,,60.0,,380.0,,77.81,70.84,,82.44,81.95,-0.0214925373134328,13.0
India,2023,,85.55,81.59,73446.56,0.95,14.2,,79.36,80.47,6225,83.3,1.11,92359,35.85,38.0,96.62,347.0,82.97,80.47,53.74,6.48,84.22,83.21,,11.0
India,2024,85.46,,77.56,,0.88,8.82,77.43,76.28,79.8,4952,36.89,1.06,63541,27.25,49.0,93.2,454.0,,79.8,80.47,5.78,75.66,84.67,0.0175459680326883,11.0
India,2025,,100.0,79.78,77360.49,0.94,2.31,80.0,80.09,81.91,6990,169.38,1.04,45613,10.61,35.0,,413.0,,81.91,71.15,,85.43,90.27,0.0661391283807724,8.0
India,2026,75.59,86.52,92.88,72214.3,0.95,10.24,,85.75,79.02,5237,84.58,0.8,41090,18.63,58.0,99.69,389.0,,79.02,130.28,10.93,83.61,82.13,-0.0901739226764152,
Brazil,2015,69.32,74.85,81.67,68958.92,0.95,13.2,77.51,77.24,71.79,7208,133.97,1.16,114300,32.26,47.0,99.08,280.0,,71.79,129.19,5.53,81.98,76.82,0.0,11.0
Brazil,2016,70.14,75.57,87.81,73791.16,0.95,4.42,75.33,73.97,78.32,8059,125.6,1.59,75814,33.79,10.0,87.1,582.0,80.75,,90.88,5.44,84.4,77.21,0.0050768029159073,13.0
Brazil,2017,71.62,82.53,83.69,61734.7,0.9,19.29,,85.75,81.66,4391,198.2,4.98,101980,44.34,68.0,missing,378.0,,81.66,41.98,10.91,75.79,81.31,0.0531019298018393,10.0
Brazil,2018,74.69,80.83,91.67,70983.92,0.95,,78.62,84.63,,4226,131.7,3.97,75603,10.42,,89.57,,,72.56,99.95,6.13,82.99,80.64,-0.0082400688722175,10.0
Brazil,2019,73.28,78.95,92.1,,0.95,4.13,78.14,74.29,76.07,4835,,4.64,136873,11.57,91.0,90.01,353.0,85.17,76.07,129.28,5.67,84.13,79.07,-0.0194692460317461,11.0
Brazil,2020,83.0,89.76,83.66,59521.79,0.95,5.45,,79.23,78.7,7868,,2.78,41142,11.36,5.0,missing,615.0,,78.7,132.59,6.76,77.26,85.16,0.0770203617048186,
Brazil,2021,76.96,87.27,97.78,78736.69,0.95,18.07,,79.15,82.27,5464,168.76,,75435,17.16,71.0,,320.0,86.68,82.27,55.81,10.31,86.87,82.95,-0.0259511507750116,10.0
Brazil,2022,77.0,87.85,,55833.42,0.95,4.73,,84.26,80.42,7664,127.22,1.77,66472,,16.0,100.0,137.0,80.1,80.42,88.39,10.85,75.42,83.51,0.0067510548523206,10.0
Brazil,2023,75.34,80.35,92.12,63418.26,0.93,15.35,81.15,88.36,72.22,7531,107.18,1.86,54087,34.94,98.0,missing,342.0,87.38,72.22,117.74,5.01,78.44,81.17,-0.0280205963357682,13.0
Brazil,2024,93.99,,82.2,65866.94,0.95,16.05,,82.02,,6256,198.34,0.69,46654,31.05,36.0,,555.0,,79.49,87.5,,80.43,90.1,,6.0
Brazil,2025,86.12,96.0,92.75,71888.1,0.95,15.12,81.0,80.78,82.67,7595,81.6,4.13,Unknown,22.09,,missing,609.0,,,109.52,9.88,83.44,88.28,,10.0
Brazil,2026,90.47,96.61,79.36,68826.51,,17.1,81.72,84.87,74.62,3497,155.56,4.87,68013,18.22,84.0,100.0,,,74.62,39.76,6.14,81.91,89.22,0.0106479383778885,8.0
Mexico,2015,60.63,69.5,73.24,58906.19,0.95,7.58,8432.226,67.07,73.08,4224,160.97,3.53,98198,18.77,75.0,87.25,520.0,missing,73.08,31.14,,76.95,71.16,0.0,14.0
Mexico,2016,60.83,67.97,84.75,60444.65,0.86,9.28,68.63,74.42,65.11,3292,147.8,,Unknown,,40.0,71.79,299.0,,65.11,87.9,7.15,73.15,69.32,-0.0258572231590782,15.0
Mexico,2017,,75.41,78.74,54168.6,0.88,19.65,,69.26,64.24,3288,107.98,1.31,117019,13.97,49.0,92.23,458.0,71.44,64.24,61.28,10.26,71.32,71.68,0.0340450086555108,14.0
Mexico,2018,,70.44,82.17,55953.33,0.9,3.39,67.97,74.95,74.62,3322,172.99,1.84,21978,30.97,75.0,missing,248.0,18654.738799999996,74.62,117.04,6.88,72.86,72.12,0.0061383928571427,14.0
Mexico,2019,67.63,74.82,89.03,66045.47,0.92,3.91,,74.06,73.09,3656,171.98,3.81,107534,17.09,70.0,91.13,,,,31.44,,79.17,74.34,0.0307820299500831,14.0
Mexico,2020,66.22,74.01,89.64,58460.32,0.95,,73.49,67.92,70.18,3039,95.19,0.92,92973,42.01,52.0,,329.0,75.95,70.18,30.86,7.79,76.73,74.14,-0.0026903416733925,14.0
Mexico,2021,73.98,83.98,84.87,,0.85,2.25,,68.08,73.26,4049,,,38798,,55.0,missing,411.0,75.19,73.26,37.36,10.0,76.44,76.27,0.0287294308065821,14.0
Mexico,2022,77.99,89.52,84.95,62135.3,0.95,15.28,70.54,68.1,69.35,5198,,,111620,30.46,65.0,78.16,297.0,,,90.13,,78.57,80.45,0.0548052969712862,14.0
Mexico,2023,76.04,85.98,,,0.85,3.15,69.37,71.73,69.84,6474,73.98,2.5,14389,20.54,60.0,71.78,356.0,79.0,69.84,39.55,,77.93,77.83,-0.032566811684276,15.0
Mexico,2024,77.38,83.5,83.38,68842.03,0.85,17.87,,66.15,62.88,6429,132.98,1.0,43301,20.84,30.0,,377.0,70.45,62.88,61.94,6.12,77.07,75.92,-0.0245406655531286,14.0
Mexico,2025,84.54,96.21,88.92,56755.56,0.95,17.77,68.36,70.41,67.68,3436,89.05,,66444,16.79,103.0,90.4,523.0,77.98,67.68,97.51,11.67,75.88,83.5,0.0998419388830347,14.0
Mexico,2026,79.06,85.32,73.4,54580.79,0.94,,,68.54,61.86,6028,140.08,2.82,29474,12.92,3.0,75.07,,,61.86,61.98,6.25,,78.97,-0.054251497005988,14.0
Turkey,2015,52.97,,81.3,64240.49,,13.09,61.02,60.62,55.4,4636,80.22,2.43,61154,34.38,84.0,,312.0,,55.4,94.09,5.4,70.63,60.14,0.0,17.0
Turkey,2016,54.23,60.05,66.23,47037.43,0.84,9.05,60.48,59.25,62.49,5872,52.67,2.79,49745,10.63,95.0,,301.0,,62.49,75.17,5.82,65.63,62.45,0.0384103757898237,16.0
Turkey,2017,59.69,70.44,77.94,53510.09,0.89,10.12,,64.38,57.11,3274,137.43,4.47,54157,,47.0,86.21,,60.16,57.11,31.29,10.75,71.17,67.84,0.0863090472377903,16.0
Turkey,2018,54.56,60.03,78.18,56349.06,0.91,9.8,63.59,58.22,57.74,6242,98.88,1.95,31066,22.27,45.0,64.17,258.0,,57.74,82.54,5.47,73.91,63.5,,16.0
Turkey,2019,57.77,62.81,63.44,55364.52,0.82,,65.15,68.7,60.33,4734,,,85736,,17.0,82.24,362.0,,60.33,39.33,5.04,68.58,65.09,0.0250393700787401,16.0
Turkey,2020,59.5,69.81,73.68,53589.79,0.9,13.38,,66.92,65.44,3176,,,35833,17.08,38.0,69.35,193.0,,65.44,97.01,,71.93,68.56,0.0533108004301736,
Turkey,2021,65.71,75.33,67.39,47568.13,0.89,18.9,,61.19,62.49,4926,68.33,1.71,28328,34.31,27.0,,214.0,67.04,62.49,89.75,,68.06,70.67,0.0307759626604433,16.0
Turkey,2022,68.44,78.33,67.3,48623.05,0.74,,missing,63.59,52.57,5812,57.76,3.01,14077,33.34,39.0,,474.0,,52.57,96.47,,61.25,68.51,-0.0305645960096221,16.0
Turkey,2023,72.69,81.73,68.64,53782.2,0.77,15.47,,58.53,67.09,5547,137.83,4.99,33071,11.41,49.0,66.01,113.0,,,87.31,9.04,65.43,71.4,0.0421836228287841,16.0
Turkey,2024,66.13,71.23,62.89,57515.74,0.77,17.07,,66.46,63.54,4865,99.45,3.31,91498,,70.0,,419.0,63.74,63.54,81.34,5.1,67.13,68.56,-0.0397759103641457,16.0
Turkey,2025,65.15,76.65,82.02,54606.23,0.91,19.66,missing,65.02,55.28,4974,130.84,3.72,66055,11.87,55.0,,386.0,missing,55.28,99.66,11.5,72.64,70.16,0.0233372228704782,
Turkey,2026,65.88,75.42,74.09,61919.85,0.86,5.23,59.86,59.45,61.65,5177,85.35,3.5,88960,15.94,3.0,,358.0,,61.65,91.56,9.54,73.98,69.32,,18.0
Indonesia,2015,72.18,78.26,87.72,61154.91,0.94,12.67,76.78,75.21,79.88,4943,41.61,0.64,63546,12.96,,,598.0,80.94,79.88,53.96,,77.62,78.75,0.0,8.0
Indonesia,2016,68.77,75.78,94.0,65223.87,,13.21,79.08,86.01,66.51,7803,109.82,4.31,20629,21.73,8.0,100.0,563.0,83.84,66.51,125.97,7.01,80.11,77.5,-0.0158730158730159,11.0
Indonesia,2017,67.96,74.56,79.41,62724.8,0.9,4.65,75.75,75.08,67.57,7802,,4.85,65496,19.74,95.0,missing,290.0,,67.57,45.88,6.61,76.5,74.8,-0.0348387096774194,13.0
Indonesia,2018,67.93,74.41,,72902.49,0.87,4.79,,73.26,71.2,3685,,1.86,80201,38.13,17.0,,399.0,,71.2,94.86,6.47,80.11,75.0,0.0026737967914438,13.0
Indonesia,2019,71.65,78.79,,61822.99,0.95,15.05,,71.91,72.34,5958,143.21,4.0,115728,20.99,65.0,,654.0,84.4,72.34,69.83,7.15,78.41,78.18,0.0423999999999999,12.0
Indonesia,2020,72.37,80.75,,74569.7,0.95,7.91,,76.48,,5402,158.94,1.07,36565,43.3,21.0,93.09,438.0,78.4,,96.91,8.38,84.78,79.99,,12.0
Indonesia,2021,75.85,81.84,80.43,55572.84,,,missing,73.84,70.24,7120,80.21,4.67,128536,29.99,18.0,87.29,553.0,76.57,70.24,41.65,5.99,75.29,79.6,-0.0048756094511813,
Indonesia,2022,79.84,89.55,,68064.02,0.9,,73.26,74.33,79.17,3305,176.81,4.07,87801,36.26,,,317.0,72.46,79.17,81.2,9.71,78.81,82.12,0.0316582914572864,12.0
Indonesia,2023,83.64,91.92,85.8,62775.24,0.95,9.74,75.72,82.46,68.37,6062,198.1,3.96,60517,38.96,21.0,,240.0,18702.6112,68.37,83.62,8.28,78.89,84.58,0.029956161714564,9.0
Indonesia,2024,85.13,90.49,92.84,66162.62,0.95,,,79.32,72.63,3418,107.18,,19110,35.36,,94.31,280.0,73.66,72.63,70.66,5.35,80.58,84.06,-0.0061480255379522,12.0
Indonesia,2025,86.85,97.26,94.64,73201.8,,8.97,,81.22,74.54,3608,36.19,4.22,75602,37.13,28.0,,148.0,85.48,74.54,99.2,,80.88,85.9,0.0218891268141803,12.0
Indonesia,2026,89.53,96.75,,69531.32,0.95,6.99,,85.26,79.33,4604,192.12,0.55,98350,,75.0,100.0,296.0,,79.33,40.85,7.22,,89.21,,9.0
South Africa,2015,57.92,64.22,70.7,63838.82,0.95,4.93,,77.79,,5395,51.57,4.86,59096,27.55,30.0,82.98,429.0,75.12,59.78,95.98,6.3,,68.68,0.0,15.0
South Africa,2016,64.22,75.41,82.68,54111.38,0.87,6.89,72.81,77.49,63.56,3728,56.59,2.04,57321,39.08,15.0,90.9,367.0,68.18,63.56,72.94,11.19,70.51,72.97,,
South Africa,2017,65.73,71.55,83.52,52014.39,0.82,13.86,,77.39,64.02,6780,150.23,3.05,81377,41.44,48.0,,122.0,,64.02,100.14,5.82,,71.18,-0.0245306290256268,15.0
South Africa,2018,67.15,79.01,83.63,53204.94,,2.58,66.0,64.86,67.78,5656,107.75,0.96,30048,29.88,36.0,,503.0,78.61,67.78,52.35,,67.22,71.89,0.009974711997752,15.0
South Africa,2019,66.95,,81.14,49316.92,0.8,6.55,70.78,70.72,62.25,5322,82.28,4.21,98716,26.71,42.0,79.73,497.0,68.78,62.25,47.88,5.37,64.59,70.71,-0.0164139657810544,15.0
South Africa,2020,58.83,65.38,,51259.23,0.95,10.26,,75.98,71.21,4192,166.64,1.03,110693,33.94,64.0,,341.0,,71.21,43.66,6.55,73.13,70.17,-0.0076368264743316,15.0
South Africa,2021,71.66,77.14,87.63,59150.88,0.93,13.91,,65.6,68.05,3259,81.61,2.98,54487,39.18,97.0,87.21,293.0,67.69,68.05,38.77,5.48,76.15,74.74,0.0651275473849222,15.0
South Africa,2022,67.87,73.36,85.4,67530.65,0.92,2.75,,66.58,61.21,4669,54.18,,70784,18.1,60.0,90.8,568.0,,61.21,107.66,5.49,79.77,72.06,-0.0358576398180358,15.0
South Africa,2023,79.45,87.28,77.43,59982.28,,15.17,,71.83,69.02,6339,,,Unknown,39.56,52.0,80.23,548.0,67.62,69.02,103.96,7.82,75.72,80.19,0.1128226477935052,
South Africa,2024,74.68,81.95,88.42,49100.45,0.9,19.38,64.25,67.94,58.95,4570,,2.06,82867,38.19,113.0,missing,486.0,67.84,58.95,116.86,7.28,69.71,75.03,-0.0643471754582865,15.0
South Africa,2025,,,73.31,67103.37,,7.53,73.24,66.57,68.2,5194,90.81,1.22,29880,24.64,91.0,95.79,157.0,69.75,68.2,38.28,5.84,79.86,75.51,0.0063974410235905,15.0
South Africa,2026,73.44,80.08,71.57,64099.5,0.82,6.17,,76.38,73.48,6520,165.75,2.39,17134,11.38,69.0,,131.0,72.6,73.48,30.43,6.64,73.11,75.3,-0.0027810885975368,15.0
Pakistan,2015,49.74,61.56,66.18,51231.58,,18.28,,59.88,61.39,3868,95.13,0.73,49073,39.13,96.0,,193.0,,61.39,96.2,11.82,64.97,60.93,0.0,16.0
Pakistan,2016,50.67,56.26,70.6,40820.13,0.88,9.96,57.86,67.03,51.52,3725,75.43,2.88,24889,30.02,96.0,missing,163.0,57.99,51.52,45.79,5.58,64.49,60.49,-0.007221401608403,17.0
Pakistan,2017,52.1,57.34,73.58,59237.9,0.72,6.68,,,53.65,5685,139.01,1.84,31158,24.4,29.0,,436.0,65.84,53.65,88.12,5.24,65.56,59.08,-0.0233096379566871,18.0
Pakistan,2018,,63.84,63.87,53156.36,,19.79,,56.97,65.64,6008,126.08,3.47,62929,40.31,,74.78,352.0,61.92,65.64,57.91,9.7,65.56,62.22,0.0531482735274204,17.0
Pakistan,2019,57.15,68.69,76.34,56470.47,0.75,2.29,missing,68.1,59.09,5444,30.47,4.5,100760,20.29,,,204.0,,59.09,33.2,11.54,65.62,64.79,0.0413050466088076,
Pakistan,2020,58.48,67.64,69.33,48481.91,0.84,6.97,,65.99,59.38,5267,54.08,3.62,31463,,89.0,,125.0,57.71,59.38,71.5,,66.38,65.98,0.0183670319493749,17.0
Pakistan,2021,,67.49,65.92,49316.6,0.89,2.5,60.4,55.95,51.97,4780,,,26102,20.36,79.0,89.71,121.0,,51.97,69.29,7.32,69.32,65.16,-0.0124280084874205,17.0
Pakistan,2022,63.67,72.88,63.61,46882.02,0.73,,,69.51,56.85,3579,,3.64,92384,37.73,81.0,81.14,,60.18,56.85,25.46,9.21,59.71,66.53,,17.0
Pakistan,2023,59.74,,74.05,54010.67,0.83,12.02,,66.68,55.6,3754,,0.92,86104,42.14,78.0,,264.0,,55.6,84.73,9.15,68.72,65.28,-0.0187885164587404,18.0
Pakistan,2024,59.83,68.61,71.04,44259.89,0.71,,,70.11,59.23,4487,73.58,3.23,45657,18.41,12.0,70.19,140.0,58.4,59.23,100.53,8.78,57.63,65.33,0.0007659313725489,
Pakistan,2025,,76.67,68.8,56092.24,0.91,14.11,,60.65,55.33,4960,65.37,1.1,67915,14.49,,,385.0,,55.33,91.82,9.08,73.38,70.84,0.0843410378080515,16.0
Pakistan,2026,72.88,78.06,77.75,54472.59,0.74,,,62.39,60.0,2983,147.61,0.99,53857,30.49,65.0,63.33,124.0,missing,60.0,69.95,5.18,64.48,69.93,-0.0128458498023714,17.0
Bangladesh,2015,46.84,55.32,68.16,51406.28,0.67,18.16,,54.67,50.5,4895,89.84,3.79,39310,32.43,,61.58,349.0,59.23,50.5,47.63,8.49,59.06,54.73,0.0,19.0
Bangladesh,2016,,58.49,74.58,40755.05,,6.52,,57.7,52.07,2681,90.0,4.86,Unknown,12.17,41.0,,151.0,,52.07,91.62,7.77,60.08,58.95,0.0771057920701627,18.0
Bangladesh,2017,45.87,57.05,,40120.24,0.68,13.67,missing,,55.78,2491,116.29,4.73,62763,43.41,19.0,70.21,312.0,,55.78,50.58,11.18,54.16,55.46,-0.0592027141645462,20.0
Bangladesh,2018,48.48,58.62,67.79,44487.85,0.69,17.69,52.98,51.77,54.17,4147,,4.11,53802,12.77,68.0,,237.0,55.33,54.17,32.82,10.14,56.81,55.69,0.0041471330688784,20.0
Bangladesh,2019,,59.6,57.49,55749.61,0.67,10.58,58.44,59.69,58.31,4318,,4.03,32062,42.93,15.0,,448.0,,58.31,72.64,,61.62,57.6,0.0342970012569583,20.0
Bangladesh,2020,46.12,57.68,74.9,48066.77,0.77,,57.61,58.11,58.03,5450,32.82,4.16,32332,14.63,53.0,,,51.71,58.03,64.2,11.55,,57.83,0.0039930555555554,20.0
Bangladesh,2021,58.94,64.28,62.95,39423.77,0.75,16.4,59.09,63.28,54.71,4076,117.69,3.34,73966,30.95,50.0,84.63,290.0,59.96,54.71,38.12,5.34,57.08,62.68,0.0838665052740792,19.0
Bangladesh,2022,60.04,69.27,,,0.67,3.44,58.52,58.74,49.29,3713,41.68,1.33,25886,23.53,7.0,,,58.14,49.29,49.29,9.23,53.26,61.97,-0.011327377153797,19.0
Bangladesh,2023,61.61,67.11,67.04,45980.99,0.67,19.28,56.63,,59.06,2450,34.19,,24480,28.94,77.0,57.25,439.0,,59.06,43.36,5.5,56.55,62.59,0.010004841052122,19.0
Bangladesh,2024,55.77,64.4,69.57,45429.9,,,53.35,56.26,60.73,2752,66.78,,15517,,80.0,75.14,242.0,58.23,60.73,51.54,8.63,56.89,59.99,-0.0415401821377217,
Bangladesh,2025,55.22,66.91,,40833.91,0.68,6.26,,61.82,50.62,2605,43.48,4.09,65140,29.14,57.0,,,55.1,50.62,47.03,11.7,54.34,60.49,,20.0
Bangladesh,2026,69.9,,71.87,46113.01,0.7,8.02,,65.56,48.6,4641,71.13,3.1,77948,38.15,104.0,57.68,345.0,52.99,48.6,51.56,7.8,58.25,67.12,0.1096048933708051,19.0
Nigeria,2015,45.98,55.71,74.96,46758.06,0.69,17.83,,52.97,48.35,5217,136.94,1.44,38606,33.42,58.0,68.52,223.0,59.88,48.35,62.68,9.73,57.72,54.1,,20.0
Nigeria,2016,44.5,50.97,71.58,58821.3,0.77,12.15,58.39,,51.29,3139,102.86,,75082,35.73,73.0,70.62,140.0,54.89,51.29,51.89,6.47,68.1,54.5,0.0073937153419592,20.0
Nigeria,2017,50.01,58.48,67.67,36734.73,0.66,18.95,53.83,61.99,46.33,2859,77.19,0.91,60969,29.27,49.0,71.61,421.0,53.92,46.33,24.54,8.47,51.42,55.94,0.0264220183486239,19.0
Nigeria,2018,53.22,63.89,67.41,50652.81,0.78,5.25,,62.22,59.67,3163,45.82,1.61,34549,29.43,70.0,,318.0,52.2,59.67,29.04,10.67,64.28,61.44,0.0983196281730425,18.0
Nigeria,2019,51.19,58.99,69.35,38526.04,0.72,16.38,,51.18,55.71,5300,25.3,1.19,82524,26.05,,,341.0,64.95,55.71,91.73,7.8,55.08,57.84,-0.0585937499999998,19.0
Nigeria,2020,55.65,62.26,,49219.26,0.67,17.46,59.95,54.81,49.28,3907,100.55,,71921,36.6,38.0,68.29,169.0,,49.28,67.51,6.62,58.09,58.92,0.0186721991701244,19.0
Nigeria,2021,58.98,68.82,69.41,50993.65,0.81,15.13,60.63,,47.93,4149,,2.77,35027,24.96,77.0,,177.0,57.05,47.93,41.55,9.84,66.14,63.72,0.0814663951120162,18.0
Nigeria,2022,55.21,65.47,75.1,46518.81,0.73,8.78,missing,63.66,48.71,3390,,2.69,18215,18.7,38.0,80.24,,55.51,48.71,82.2,10.26,,61.4,,20.0
Nigeria,2023,65.1,76.72,68.89,43146.86,0.8,11.19,,,53.48,2684,58.85,4.11,80475,14.81,,65.84,,62.25,53.48,78.98,11.62,61.46,67.04,0.09185667752443,
Nigeria,2024,66.89,,73.43,50056.11,0.69,5.04,58.39,61.14,49.76,2471,105.44,2.64,79456,23.42,21.0,,293.0,53.81,49.76,72.66,,59.33,66.07,-0.0144689737470169,17.0
Nigeria,2025,68.23,79.03,69.39,41670.8,0.83,14.55,,52.55,58.55,3466,124.04,3.76,18511,24.27,106.0,57.39,445.0,,58.55,66.52,10.81,62.11,69.02,0.0446496140457091,
Nigeria,2026,,,63.35,50954.39,0.74,8.43,,59.14,60.61,3405,82.81,2.48,Unknown,27.69,61.0,,,54.72,60.61,28.04,5.97,62.39,62.19,-0.0989568241089539,20.0
Vietnam,2015,,51.06,,40072.78,0.84,6.62,,62.99,54.55,4954,86.01,1.94,61433,,52.0,85.88,229.0,54.08,54.55,38.92,6.37,62.02,57.51,0.0,18.0
Vietnam,2016,50.93,56.41,60.65,44689.52,0.71,,60.5,67.2,54.72,3591,,3.3,72089,13.87,5.0,,,54.07,54.72,37.88,5.47,,58.7,,19.0
Vietnam,2017,49.48,57.59,,54527.14,0.75,2.18,,60.9,61.18,5041,,4.95,51632,44.54,90.0,,,68.14,61.18,86.21,8.11,64.81,59.24,,17.0
Vietnam,2018,54.31,62.13,74.81,43386.09,0.68,2.01,,65.55,53.32,3453,53.23,1.55,15576,16.55,67.0,missing,257.0,,53.32,87.54,,55.89,59.6,0.0060769750168805,19.0
Vietnam,2019,57.52,69.2,64.67,37884.98,0.7,4.96,53.87,57.73,52.73,5058,38.91,3.36,20411,,,,413.0,61.43,52.73,29.77,11.67,54.14,61.37,0.0296979865771811,18.0
Vietnam,2020,59.6,70.58,76.96,,0.72,18.37,missing,60.94,59.8,5182,131.3,,34340,20.11,45.0,70.06,306.0,,59.8,74.17,10.98,61.42,63.38,0.0327521590353594,18.0
Vietnam,2021,,,60.01,48436.49,0.84,8.79,,55.6,56.47,3810,28.94,1.73,92672,43.38,42.0,59.56,165.0,59.15,56.47,92.75,10.18,66.31,61.25,-0.0336068160302934,20.0
Vietnam,2022,,64.96,62.1,46263.43,0.88,4.63,,58.4,57.68,5582,134.85,4.49,63986,38.29,9.0,,217.0,,57.68,49.9,7.67,67.08,64.5,0.0530612244897958,18.0
Vietnam,2023,58.8,,71.12,54451.19,0.76,12.82,,56.83,52.76,4764,67.87,4.21,27382,26.42,96.0,,138.0,66.52,52.76,48.96,5.93,65.18,61.51,-0.0463565891472868,20.0
Vietnam,2024,66.19,72.88,64.22,46435.4,0.8,,57.13,54.47,50.47,5490,24.86,2.68,20359,20.77,111.0,,,12490.541,50.47,77.82,6.69,63.45,65.9,0.071370508860348,18.0
Vietnam,2025,68.46,74.82,65.7,48962.36,0.79,15.68,6168.639,67.01,53.18,3557,139.0,3.82,61553,40.83,6.0,,276.0,56.67,53.18,77.99,6.37,63.96,67.92,,19.0
Vietnam,2026,72.65,80.76,69.64,39043.96,0.87,15.72,,58.54,61.91,5155,65.38,2.45,Unknown,22.71,95.0,,337.0,,61.91,82.42,8.11,63.27,72.24,0.0636042402826855,
